product_name,product_url,product_type,ingredients,price
The Ordinary Natural Moisturising Factors + HA 30ml,https://www.lookfantastic.com/the-ordinary-natural-moisturising-factors-ha-30ml/11396687.html,Moisturiser,"Aqua (Water), Caprylic/Capric Triglyceride, Cetyl Alcohol, Propanediol, Stearyl Alcohol, Glycerin, Sodium Hyaluronate, Arginine, Aspartic Acid, Glycine, Alanine, Serine, Valine, Isoleucine, Proline, Threonine, Histidine, Phenylalanine, Glucose, Maltose, Fructose, Trehalose, Sodium PCA, PCA, Sodium Lactate, Urea, Allantoin, Linoleic Acid, Oleic Acid, Phytosteryl Canola Glycerides, Palmitic Acid, Stearic Acid, Lecithin, Triolein, Tocopherol, Carbomer, Isoceteth-20, Polysorbate 60, Sodium Chloride, Citric Acid, Trisodium Ethylenediamine Disuccinate, Pentylene Glycol, Triethanolamine, Sodium Hydroxide, Phenoxyethanol, Chlorphenesin.",£5.20
CeraVe Facial Moisturising Lotion SPF 25 52ml,https://www.lookfantastic.com/cerave-facial-moisturising-lotion-spf-25-52ml/11798689.html,Moisturiser,"Aqua/Water, Homosalate, Glycerin, Octocrylene, Ethylhexyl, Salicylate, Niacinamide, Silica, Butyl Methoxydibenzoylmethane, Dimethicone, Cetearyl Alcohol, PEG-100 Stearate, Glyceryl Stearate, Phenoxyethanol, Stearic Acid, Behentrimonium Methosulfate, Caprylyl Glycol, Palmitic Acid, Ammonium Polyacryloyldimethyl taurate, Xanthan Gum, Disodium Edta, Tocopherol, Sodium Lauroyl Lactylate, Myristic Acid, Sodium Hyaluronate, Ceramide NP, Ceramide AP, Phytosphingosine, Cholesterol, Cerbomer, Ethylhexyglycerin, Ceramide EOP.",£13.00
The Ordinary Hyaluronic Acid 2% + B5 Hydration Support Formula 30ml,https://www.lookfantastic.com/the-ordinary-hyaluronic-acid-2-b5-hydration-support-formula-30ml/11363395.html,Moisturiser,"Aqua (Water), Sodium Hyaluronate, Sodium Hyaluronate Crosspolymer, Panthenol, Ahnfeltia Concinna Extract, Glycerin, Pentylene Glycol, Propanediol, Polyacrylate Crosspolymer-6, Ppg-26-Buteth-26, Peg-40 Hydrogenated Castor Oil, Trisodium Ethylenediamine Disuccinate, Citric Acid, Ethoxydiglycol, Caprylyl Glycol, Hexylene Glycol, Ethylhexylglycerin, Phenoxyethanol, Chlorphenesin.",£6.20
AMELIORATE Transforming Body Lotion 200ml,https://www.lookfantastic.com/ameliorate-transforming-body-lotion-200ml/11865352.html,Moisturiser,"Aqua/Water/Eau, Ammonium Lactate, C12-15 Alkyl Benzoate, Glycerin, Prunus Amygdalus Dulcis (Sweet Almond) Oil, Ethylhexyl Palmitate, Cetearyl Alcohol, Glyceryl Stearate, PEG-100 Stearate, Dimethicone, Hydroxyethylcellulose, Phenoxyethanol, Cetearyl Glucoside, Xanthan Gum, Sodium Benzoate, Sodium Stearoyl Glutamate, Tocopheryl Acetate, Fragrance (Parfum), Potassium Sorbate, Pentylene Glycol, Hydrolyzed Milk Protein, Disodium EDTA, Lactic Acid, Serine, Sodium Lactate, Sorbitol, Urea, Linalool, Citronellol, Sodium Chloride, Citrus Aurantium Dulcis (Orange) Oil, Limonene, Coumarin, Juniperus Mexicana (Cedarwood) Oil, Alpha-Isomethyl Ionone, Allantoin, Pelargonium Graveolens (Geranium) Oil, Geraniol.",£22.50
CeraVe Moisturising Cream 454g,https://www.lookfantastic.com/cerave-moisturising-cream-454g/11798691.html,Moisturiser,"Purified Water, Glycerin, Ceteareth-20 and Cetearyl Alcohol, Caprylic/Capric Triglyceride, Behentrimonium Methosulfate, Cetearyl Alcohol, Cetyl Alcohol, Ceramide 3, Ceramide 6-II, Ceramide 1, Hyaluronic Acid, Cholesterol, Petrolatum, Dimethicone, Potassium Phosphate, Dipotassium Phosphate, Sodium Lauroyl Lactylate, Disodium EDTA, Phenoxyethanol, Methylparaben, Propylparaben, Phytosphingosine, Carbomer, Xanthan Gum.",£16.00
CeraVe Moisturising Lotion 473ml,https://www.lookfantastic.com/cerave-moisturising-lotion-473ml/11798695.html,Moisturiser,"Aqua (Water), Glycerin, Caprylic/Capric Triglyceride, Cetearyl Alcohol, Cetyl Alcohol, Dimethicone, Phenoxyethanol, Polysorbate 20, Ceteareth-20, Behentrimonium Methosulfate, Polyglyceryl-3 Diisostearate, Sodium Lauroyl Lactylate, Ethylhexylglycerin, Potassium Phosphate, Disodium Edta, Dipotassium Phosphate, Ceramide NP, Ceramide AP, Phytosphingosine, Cholesterol, Xanthan Gum, Carbomer, Sodium Hyaluronate, Tocopherol, Ceramide EOP.",£15.00
CeraVe Facial Moisturising Lotion No SPF 52ml,https://www.lookfantastic.com/cerave-facial-moisturising-lotion-no-spf-52ml/11798688.html,Moisturiser,"Purified Water, Glycerin, Caprylic/Capric Triglycerides, Niacinamide, Cetearyl Alcohol, Ceramide 3, Ceramide 6-II, Ceramide 1, Phytosphingosine, Hyaluronic Acid, Sodium Hydroxide, Dimethicone, Behentrimonium Methosulfate, Ceteareth-20, Polyglyceryl-3 Diisostearate, Cholesterol, Xanthan Gum, Carbomer, Disodium EDTA, Dipotassium Phosphate, Potassium Phosphate, Sodium Lauroyl Lactylate.",£13.00
The Ordinary Natural Moisturizing Factors + HA 100ml,https://www.lookfantastic.com/the-ordinary-natural-moisturizing-factors-ha-100ml/11638505.html#,Moisturiser,"Aqua (Water), Caprylic/Capric Triglyceride, Cetyl Alcohol, Propanediol, Stearyl Alcohol, Glycerin, Sodium Hyaluronate, Arginine, Aspartic Acid, Glycine, Alanine, Serine, Valine, Isoleucine, Proline, Threonine, Histidine, Phenylalanine, Glucose, Maltose, Fructose, Trehalose, Sodium PCA, PCA, Sodium Lactate, Urea, Allantoin, Linoleic Acid, Oleic Acid, Phytosteryl Canola Glycerides, Palmitic Acid, Stearic Acid, Lecithin, Triolein, Tocopherol, Carbomer, Isoceteth-20, Polysorbate 60, Sodium Chloride, Citric Acid, Trisodium Ethylenediamine Disuccinate, Pentylene Glycol, Triethanolamine, Sodium Hydroxide, Phenoxyethanol, Chlorphenesin.",£6.80
CeraVe Smoothing Cream 177ml,https://www.lookfantastic.com/cerave-smoothing-cream-177ml/12207665.html,Moisturiser,"Purified Water, Glycerin, Behentrimonium Methosulfate, Cetearyl Alcohol, Mineral Oil, Glyceryl Stearate SE, Ammonium Lactate, Salicylic Acid, Triethanolamine, Cetyl Alcohol, Niacinamide, PEG-100 Stearate, Cholecalciferol (Vitamin D3 in Corn Oil), Ceramide 3, Ceramide 6-II, Ceramide 1, Cholesterol, Phytosphingosine, Hyaluronic Acid, Phenoxyethanol, Dimethicone, Methylparaben, Edetate Disodium, Propylparaben, Sodium Lauroyl Lactylate, Carbomer, Xanthan Gum.",£12.00
Clinique Moisture Surge 72 Hour Moisturiser 75ml,https://www.lookfantastic.com/clinique-moisture-surge-72-hour-moisturiser-75ml/12506978.html,Moisturiser,"Water\Aqua\Eau, Dimethicone, Butylene Glycol, Glycerin, Trisiloxane, Trehalose, Sucrose, Ammonium Acryloyldimethyltaurate/Vp Copolymer, Hydroxyethyl Urea, Camellia Sinensis (Green Tea) Leaf Extract, Silybum Marianum (Lady'S Thistle) Extract, Betula Alba (Birch) Bark Extract, Saccharomyces Lysate Extract, Aloe Barbadensis Leaf Water, Thermus Thermophillus Ferment, Caffeine, Sorbitol, Palmitoyl Hexapeptide-12, Sodium Hyaluronate, Caprylyl Glycol, Oleth-10, Sodium Polyaspartate, Saccharide Isomerate, Hydrogenated Lecithin, Tocopheryl Acetate, Acrylates/C10-30 Alkyl Acrylate Crosspolymer, Glyceryl Polymethacrylate, Tromethamine, Peg-8, Hexylene Glycol, Magnesium Ascorbyl Phosphate, Disodium Edta, Bht, Phenoxyethanol, Red 4 (Ci 14700), Yellow 5 (Ci 19140).",£37.00
The Ordinary 10% Agireline Solution 30ml,https://www.lookfantastic.com/the-ordinary-10-agireline-solution-30ml/11416769.html,Serum,"Aqua (Water), Propanediol, Acetyl Hexapeptide-8, Trisodium Ethylenediamine Disuccinate, Gellan Gum, Sodium Chloride, Isoceteth-20, Dimethyl Isosorbide, Potassium Sorbate, Phenoxyethanol, Chlorphenesin.",£5.80
The Ordinary Buffet Supersize Serum 60ml,https://www.lookfantastic.com/the-ordinary-buffet-supersize-serum-60ml/12243646.html,Serum,"Aqua (Water), Glycerin, Lactococcus Ferment Lysate, Acetyl Hexapeptide-8, Pentapeptide-18, Palmitoyl Tripeptide-1, Palmitoyl Tetrapeptide-7, Palmitoyl Tripeptide-38, Dipeptide Diaminobutyroyl Benzylamide Diacetate, Acetylarginyltryptophyl Diphenylglycine, Sodium Hyaluronate Crosspolymer, Sodium Hyaluronate, Allantoin, Glycine, Alanine, Serine, Valine, Isoleucine, Proline, Threonine, Histidine, Phenylalanine, Arginine, Aspartic Acid, Trehalose, Fructose, Glucose, Maltose, Urea, Sodium PCA, PCA, Sodium Lactate, Citric Acid, Hydroxypropyl Cyclodextrin, Sodium Chloride, Sodium Hydroxide, Butylene Glycol, Pentylene Glycol, Acacia Senegal Gum, Xanthan Gum, Carbomer, Polysorbate 20, PPG-26-Buteth-26, PEG-40 Hydrogenated Castor Oil, Trisodium Ethylenediamine Disuccinate, Ethoxydiglycol, Sodium Benzoate, Caprylyl Glycol, Ethylhexylglycerin, Phenoxyethanol, Chlorphenesin.",£24.40
The Ordinary 100% Pycnogenol 5% 15ml,https://www.lookfantastic.com/the-ordinary-100-pycnogenol-5-15ml/12049287.html,Serum,"Propanediol, Pinus Pinaster Bark Extract.",£8.90
Medik8 C-Tetra Serum 30ml,https://www.lookfantastic.com/medik8-c-tetra-serum-30ml/11795619.html,Serum,"Simmondsia Chinensis (Jojoba) Seed Oil, Cyclopentasiloxane, Cyclohexasiloxane, Tetrahexyldecyl Ascorbate, Tocopheryl Acetate, PPG-12/SMDI Copolymer, Citrus Grandis (Grapefruit) Peel Oil, Limonene.",£35.00
Estée Lauder Advanced Night Repair Synchronized Recovery Complex II 30ml,https://www.lookfantastic.com/estee-lauder-advanced-night-repair-synchronized-recovery-complex-ii/11141115.html,Serum,"Water\Aqua\Eau, Bifida Ferment Lysate, Methyl Gluceth-20, PEG-75, Bis-PEG-18 Methyl Ether Dimethyl Silane, Butylene Glycol, Propanediol, Cola Acuminata (Kola) Seed Extract, Hydrolyzed Algin, Pantethine, Caffeine, Lecithin, Tripeptide-32, Ethylhexylglycerin, Sodium Rna, Bisabolol, Glycereth-26, Squalane, Sodium Hyaluronate, Oleth-3 Phosphate, Caprylyl Glycol, Lactobacillus Ferment, Oleth-3, Oleth-5, Anthemis Nobilis (Chamomile), Yeast Extract\Faex\Extrait De Levure, Choleth-24, Hydrogenated Lecithin, Ceteth-24, Tocopheryl Acetate, Ethylhexyl Methoxycinnamate, Hexylene Glycol, Carbomer, Triethanolamine, Trisodium EDTA, BHT, Xanthan Gum, Phenoxyethanol, Red 4 (CI 14700), Yellow 5 (CI 19140).",£52.20
Estée Lauder Advanced Night Repair Synchronized Recovery Complex II 50ml,https://www.lookfantastic.com/estee-lauder-advanced-night-repair-synchronized-recovery-complex-ii/11141115.html,Serum,"Water\Aqua\Eau, Bifida Ferment Lysate, Methyl Gluceth-20, PEG-75, Bis-PEG-18 Methyl Ether Dimethyl Silane, Butylene Glycol, Propanediol, Cola Acuminata (Kola) Seed Extract, Hydrolyzed Algin, Pantethine, Caffeine, Lecithin, Tripeptide-32, Ethylhexylglycerin, Sodium Rna, Bisabolol, Glycereth-26, Squalane, Sodium Hyaluronate, Oleth-3 Phosphate, Caprylyl Glycol, Lactobacillus Ferment, Oleth-3, Oleth-5, Anthemis Nobilis (Chamomile), Yeast Extract\Faex\Extrait De Levure, Choleth-24, Hydrogenated Lecithin, Ceteth-24, Tocopheryl Acetate, Ethylhexyl Methoxycinnamate, Hexylene Glycol, Carbomer, Triethanolamine, Trisodium EDTA, BHT, Xanthan Gum, Phenoxyethanol, Red 4 (CI 14700), Yellow 5 (CI 19140).",£70.20
The Ordinary Hyaluronic Acid 2% + B5 Supersize Serum 60ml,https://www.lookfantastic.com/the-ordinary-hyaluronic-acid-2-b5-supersize-serum-60ml/12243647.html,Serum,"Aqua (Water), Sodium Hyaluronate, Sodium Hyaluronate Crosspolymer, Panthenol, Ahnfeltia Concinna Extract, Glycerin, Pentylene Glycol, Propanediol, Polyacrylate Crosspolymer-6, PPG-26-Buteth-26, PEG-40 Hydrogenated Castor Oil, Trisodium Ethylenediamine Disuccinate, Citric Acid, Ethoxydiglycol, Caprylyl Glycol, Hexylene Glycol, Ethylhexylglycerin, Phenoxyethanol, Chlorphenesin.",£11.00
The Ordinary Marine Hyaluronics 30ml,https://www.lookfantastic.com/the-ordinary-marine-hyaluronics-30ml/11751840.html,Serum,"Aqua (Water), Glycerin, Algae Extract, Pseudoalteromonas Exopolysaccharides, Pseudoalteromonas Ferment Extract, Ahnfeltia Concinna Extract, Arginine, Glycine, Alanine, Serine, Valine, Isoleucine, Proline, Threonine, Histidine, Phenylalanine, Aspartic Acid, PCA, Sodium PCA, Sodium Lactate, Salicylic Acid, Citric Acid, Propanediol, Dimethyl Isosorbide, Ethoxydiglycol, Polysorbate 20, Potassium Sorbate, Sodium Salicylate, Sodium Benzoate, Hexylene Glycol, 1,2-Hexanediol, Phenoxyethanol, Caprylyl Glycol.",£6.20
Avene Hydrance Intense Serum 30ml,https://www.lookfantastic.com/avene-hydrance-intense-serum-30ml/11568827.html,Serum,"Avene Thermal Spring Water (Avene Aqua),  Caprylic/Capric Triglyceride, Isocetyl Stearoyl Stearate, Triethylhexanoin, Glycerin, 1,2-Hexanediol, Hydrogenated Starch Hydrolysate, Methyl Gluceth-20, Benzoic Acid, Beta-Sitosterol, C12-20 Alkyl Glucoside, C14-22 Alcohols, Carbomer, Disodium Edta, Fragrance (Parfum), Polyglyceryl-10 Myristate, Sodium Hydroxide, Tocopheryl Acetate, Water (Aqua).",£20.00
VICHY Minéral 89 Hyaluronic Acid Hydration Booster 50ml,https://www.lookfantastic.com/vichy-mineral-89-hyaluronic-acid-hydration-booster-50ml/11499284.html,Serum,"Aqua / Water / Eau, Peg/Ppg/Polybutylene Glycol-8/5/3 Glycerin, Glycerin, Butylene Glycol, Methyl Gluceth-20, Carbomer, Sodium Hyaluronate, Phenoxyethanol, Caprylyl Glycol, Citric Acid, Biosaccharide Gum-1.",£25.00
DHC Deep Cleansing Oil 30ml,https://www.lookfantastic.com/dhc-deep-cleansing-oil/11207442.html,Oil,"Olea Europaea (Olive) Fruit Oil, Caprylic/Capric Triglyceride, Sorbeth-30 Tetraoleate, Pentylene Glycol, Phenoxyethanol, Tocopherol, Stearyl Glycyrrhetinate, Rosmarinus Officinalis (Rosemary) Leaf Oil.",£5.00
DHC Deep Cleansing Oil 70ml,https://www.lookfantastic.com/dhc-deep-cleansing-oil/11207442.html,Oil,"Olea Europaea (Olive) Fruit Oil, Caprylic/Capric Triglyceride, Sorbeth-30 Tetraoleate, Pentylene Glycol, Phenoxyethanol, Tocopherol, Stearyl Glycyrrhetinate, Rosmarinus Officinalis (Rosemary) Leaf Oil.",£12.50
DHC Deep Cleansing Oil 200ml,https://www.lookfantastic.com/dhc-deep-cleansing-oil/11207442.html,Oil,"Olea Europaea (Olive) Fruit Oil, Caprylic/Capric Triglyceride, Sorbeth-30 Tetraoleate, Pentylene Glycol, Phenoxyethanol, Tocopherol, Stearyl Glycyrrhetinate, Rosmarinus Officinalis (Rosemary) Leaf Oil.",£24.00
Pai Skincare Rosehip BioRegenerate Oil 30ml,https://www.lookfantastic.com/pai-skincare-rosehip-bioregenerate-oil-30ml/10528440.html,Oil,"Rosa Canina Seed Extract, Rosa Canina Fruit Extract, Tocopherol, Rosmarinus Officinalis Leaf Extract.",£24.00
Clinique Take The Day Off Cleansing Oil 200ml,https://www.lookfantastic.com/clinique-take-the-day-off-cleansing-oil-200ml/11144732.html,Oil,"Cetyl Ethylhexanoate, Triethylhexanoin, Peg-20 Glyceryl Triisostearate, Polybutene, Peg-8 Diisostearate, Peg-12 Diisostearate, Ppg-15 Stearyl Ether, Water\Aqua\Eau, Tocopheryl Acetate, Glycerin, Caprylyl Glycol, Glyceryl Laurate, Bht.",£23.00
"The Ordinary ""B"" Oil 30ml",https://www.lookfantastic.com/the-ordinary-b-oil-30ml/11919043.html,Oil,"Caprylic/Capric Triglyceride, Squalane, Crambe Abyssinica Seed Oil, Bisabolol, Simmondsia Chinensis Seed Oil, Ethylhexyl Stearate, Isochrysis Galbana Extract, Adansonia Digitata Seed Oil, Argania Spinosa Kernel Oil, Borago Officinalis Seed Oil, Rosa Canina Seed Oil, Sclerocarya Birrea Seed Oil, Oenocarpus Bataua Fruit Oil, Plukenetia Volubilis Seed Oil, Bertholletia Excelsa Seed Oil, Solanum Lycopersicum (Tomato) Fruit Extract, Hydroxymethoxyphenyl Decanone, Rosmarinus Officinalis (Rosemary) Leaf Extract, Tocopherol.",£9.00
The Ordinary 100% Cold Pressed Virgin Marula Oil 30ml,https://www.lookfantastic.com/the-ordinary-100-cold-pressed-virgin-marula-oil-30ml/11416763.html,Oil,Sclerocarya Birrea Seed Oil.,£8.40
Caudalie Make-Up Removing Cleansing Oil 150ml,https://www.lookfantastic.com/caudalie-make-up-removing-cleansing-oil-150ml/11163390.html,Oil,"Helianthus Annuus (Sunflower) Seed Oil, Polyglyceryl-4 Oleate, Caprylic/Capric Triglyceride, Ricinus Communis (Castor) Seed Oil, Prunus Amygdalus Dulcis (Sweet Almond) Oil, Vitis Vinifera (Grape) Seed Oil, Tocopherol, Parfum (Fragrance).",£18.00
NUXE Huile Prodigieuse Multi Usage Dry Oil 50ml,https://www.lookfantastic.com/nuxe-huile-prodigieuse-multi-usage-dry-oil-50ml/11401781.html,Oil,"Coco-Caprylate/Caprate, Macadamia Integrifolia Seed Oil, Dicaprylyl Ether, Caprylic/Capric Triglyceride, Prunus Amygdalus Dulcis (Sweet Almond) Oil, Corylus Avellana (Hazel) Seed Oil, Camellia Oleifera Seed Oil, Parfum/Fragrance, Camellia Japonica Seed Oil, Tocopherol, Argania Spinosa Kernel Oil, Borago Officinalis Seed Oil, Tocopheryl Acetate, Helianthus Annuus (Sunflower) Seed Oil, Rosmarinus Officinalis (Rosemary) Leaf Extract, Polyglyceryl-3 Diisostearate, Ascorbic Acid, Solanum Lycopersicum (Tomato) Fruit Extract, Benzyl Salicylate, Linalool, Limonene, Citronellol, Geraniol, Benzyl Alcohol.",£18.50
NUXE Huile Prodigieuse Multi Usage Dry Oil 100ml,https://www.lookfantastic.com/nuxe-huile-prodigieuse-multi-usage-dry-oil-100ml/11401780.html,Oil,"Coco-Caprylate/Caprate, Macadamia Integrifolia Seed Oil, Dicaprylyl Ether, Caprylic/Capric Triglyceride, Prunus Amygdalus Dulcis (Sweet Almond) Oil, Corylus Avellana (Hazel) Seed Oil, Camellia Oleifera Seed Oil, Parfum/Fragrance, Camellia Japonica Seed Oil, Tocopherol, Argania Spinosa Kernel Oil, Borago Officinalis Seed Oil, Tocopheryl Acetate, Helianthus Annuus (Sunflower) Seed Oil, Rosmarinus Officinalis (Rosemary) Leaf Extract, Polyglyceryl-3 Diisostearate, Ascorbic Acid, Solanum Lycopersicum (Tomato) Fruit Extract, Benzyl Salicylate, Linalool, Limonene, Citronellol, Geraniol, Benzyl Alcohol.",£29.50
NUXE Huile Prodigieuse Florale Mist 100ml,https://www.lookfantastic.com/nuxe-huile-prodigieuse-florale-mist-100ml/12126087.html,Mist,"Coco-Caprylate/Caprate, Macadamia Integrifolia Seed Oil, Dicaprylyl Ether, Caprylic/Capric Triglyceride, Prunus Amygdalus Dulcis (Sweet Almond) Oil, Corylus Avellana (Hazel) Seed Oil, Parfum/Fragrance, Camellia Oleifera Seed Oil, Camellia Japonica Seed Oil, Tocopherol, Argania Spinosa Kernel Oil, Borago Officinalis Seed Oil, Tocopheryl Acetate, Helianthus Annuus (Sunflower) Seed Oil, Rosmarinus Officinalis (Rosemary) Leaf Extract, Polyglyceryl-3 Diisostearate, Ascorbic Acid, Limonene, Linalool, Citral, Citronellol, Hydroxycitronellal, Geraniol.",£29.50
PIXI Vitamin Wakeup Mist 80ml,https://www.lookfantastic.com/pixi-vitamin-wakeup-mist-80ml/11384907.html,Mist,"Water/Aqua/Eau, Citrus Aurantium Dulcis (Orange) Flower Water, Glycerin, Dipropylene Glycol, Butylene Glycol, Niacinamide, PEG-60 Hydrogenated Castor Oil, 1,2-Hexanediol, Caprylyl Glycol, Ethylhexylglycerin, Allantoin, Magnesium Ascorbyl Phosphate, Citric Acid, Sodium Citrate, Citrus Grandis (grapefruit) Peel Oil, Adenosine, Tropolone, Disodium EDTA, Arginine, Lavandula Angustifolia (Lavendar) Oil, Citrus Sinensis Peel Oil Expressed, Sodium Hyaluronate, Citrus Aurantifolia (Lime) Oil, Glycyrrhiza Glabra (Licorice) Root Extract, Sodium Starch Octenylsuccinate, Maltodextrin, Calcium Pantothenate, Sodium Ascorbyl Phosphate, Tocopheryl Acetate, Pryidoxine HCI, Silica.",£16.00
Neal's Yard Remedies Goodnight Pillow Mist 45ml,https://www.lookfantastic.com/neal-s-yard-remedies-goodnight-pillow-mist-45ml/11926901.html,Mist,"Aqua/Water, Polyglyceryl-4 Caprate, Anthemis Nobilis Flower Oil, Lavandula Angustifolia (Lavender) Oil, Copaifera Officinalis (Balsam Copaiba) Resin, Citrus Nobilis (Mandarin Orange) Peel Oil, Pelargonium Graveolens Flower Oil, Vetiveria Zizanoides Root Oil, Glycerin, Sodium Levulinate, Levulinic Acid, Linalool, Limonene, Citronellol, Geraniol, Citral.",£15.00
Lumene Nordic Hydra [Lähde] Arctic Spring Water Enriched Facial Mist 100ml,https://www.lookfantastic.com/lumene-nordic-hydra-lahde-arctic-spring-water-enriched-facial-mist-100ml/11697306.html,Mist,"Aqua (Water), Betula Alba (Birch) Juice, Propanediol, Phenoxyethanol, Peg-40 Hydrogenated Castor Oil, Glycerin, Trehalose, Urea, Sodium Pca, Ethylhexylglycerin, Disodium Edta, Pentylene Glycol, Serine, Algin, Caprylyl Glycol, Disodium Phosphate, Glyceryl Polyacrylate, Pullulan, Sodium Hyaluronate, Citric Acid, Sodium Hydroxide, Potassium Phosphate, Linalool, Benzyl Salicylate, Alpha-Isomethyl Ionone, Limonene, Parfum (Fragrance).",£12.00
Lumene Nordic C Valo Glow Refresh Hydrating Mist 50ml,https://www.lookfantastic.com/lumene-nordic-c-valo-glow-refresh-hydrating-mist-50ml/11711470.html,Mist,"Aqua (Water), Rubus Chamaemorus (Cloudberry) Fruit Juice Extract, Rubus Chamaemorus (Cloudberry) Fruit Extract, Rubus Chamaemorus (Cloudberry) Seed Extract, Phenoxyethanol, Peg-40 Hydrogenated Castor Oil, Propanediol, Glycerin, Ethylhexylglycerin, Maltodextrin, Ascorbyl Glucoside, Disodium Edta, Sodium Hydroxide, Sodium Citrate, Citric Acid, Limonene, Linalool, Parfum (Fragrance).",£9.00
Elizabeth Arden Eight Hour Miracle Hydrating Mist 100ml,https://www.lookfantastic.com/elizabeth-arden-eight-hour-miracle-hydrating-mist-100ml/11423685.html,Mist,"Water/Aqua/Eau, Glycerin, Polysorbate 20, Aloe Barbadensis Leaf, Camellia Sinensis Leaf Extract, Caprylyl Glycol, Citric Acid, Coffea Arabica (Coffee) Seed Extract, Euterpe Oleracea Fruit Extract, Garcinia Mangostana Peel Extract, Lycium Barbarum Fruit Extract, Malus Domestica Fruit Extract, Morinda Citrifolia Fruit Extract, Parfum/Fragrance, Punica Granatum Fruit Juice, Saccharide Isomerate, Sodium Citrate, Sodium Pca, Chlorphenesin, Phenoxyethanol, Potassium Sorbate, Sodium Benzoate.",£21.00
Garnier Natural Vegan Rose Soothing Hydrating Glow Mist 150ml,https://www.lookfantastic.com/garnier-natural-vegan-rose-soothing-hydrating-glow-mist-150ml/12298877.html,Mist,"Aqua, Glycerin, Alcohol Denat., Arginine, Caprylyl/Capryl Glucoside, Citric Acid, Linalool, Propanediol, Rosa Damascena Flower Water, Salicylic Acid, Sodium Hydroxide, Sodium Phytate, Parfum.",£5.99
Dermalogica Age Smart Antioxidant Hydramist 150ml,https://www.lookfantastic.com/dermalogica-age-smart-antioxidant-hydramist-150ml/10366376.html,Mist,"Water (Aqua), Butylene Glycol, PEG-40 Hydrogenated Castor Oil, Palmitoyl Tripeptide-5, Arginine/Lysine Polypeptide, Magnesium Ascorbyl Phosphate, Glucosamine HCl, Sodium Carboxymethyl Beta-Glucan, Camellia Sinensis Leaf Extract, Bambusa Vulgaris Leaf/Stem Extract, Pisum Sativum (Pea) Extract, Aloe Barbadensis Leaf Juice, Sodium Lactate, Sodium PCA, Sorbitol, Proline, Dipotassium Glycyrrhizate, Methyl Gluceth-20, Lecithin, Tocopherol, Glycerin, Disodium EDTA, Capric/Caprylic Triglyceride, Phenoxyethanol, Benzyl PCA, Citronellol, Eugenol, Geraniol, Limonene, Linalool, Citrus Medica Limonum (Lemon) Peel Extract, Rosa Damascena Flower Oil, Eugenia Caryophyllus (Clove) Flower Oil, Aniba Rosaeodora (Rosewood) Wood Oil, Citrus Medica Limonum (Lemon) Peel Oil, Pelargonium Graveolens Oil, and Helianthus Annuus (Sunflower) Seed Oil.",£36.00
Zelens Z Balance Prebiotic and Probiotic Facial Mist 50ml,https://www.lookfantastic.com/zelens-z-balance-prebiotic-and-probiotic-facial-mist-50ml/11566011.html,Mist,"Aqua, Butylene Glycol, Sodium Lactate, Lactobacillus Ferment Lysate Filtrate, Bifida Ferment Lysate, Xylitylglucoside, Lactobacillus, Lactococcus Ferment Lysate, Alpha-glucan Oligosaccharide, Polymnia Sonchifolia Root Juice, Perilla Frutescens Leaf Extract, Sodium Pca, Arginine, Pca, Proline, Glycine, Alanine, Serine, Valine, Isoleucine, Threonine, Aspartic Acid, Histidine, Phenylalanine, Glycerin, Anhydroxylitol, Xylitol, Glucose, Maltodextrin, Leuconostoc/radish Root Ferment Filtrate, Populus Tremuloides Bark Extract, Polysorbate 20, Levulinic Acid, Potassium Sorbate, Sodium Levulinate, Phenoxyethanol, Sodium Benzoate, Lactic Acid, Parfum, Sodium Chloride.",£48.00
Bondi Sands Self Tanning Mist 250ml - Light/Medium,https://www.lookfantastic.com/bondi-sands-self-tanning-mist-250ml-light-medium/11568693.html,Mist,"Butane, Water, Alcohol, Isobutane, Propane, Dihydroxyacetone, Ethoxydiglycol, Fragrance, Tocopheryl Acetate, PEG-60 Hydrogenated Castor Oil, CI 14700, CI 19140, CI 42090. Propellant: Hydrocarbon.",£11.99
Peter Thomas Roth Pumpkin Enzyme Mask 150ml,https://www.lookfantastic.com/peter-thomas-roth-pumpkin-enzyme-mask-150ml/11030448.html,Mask,"Water/Aqua/Eau, Cucurbita Pepo (Pumpkin), Aluminum Oxide, Glycerin, Triethanolamine, Lactobacillus/Pumpkin Ferment Extract, Ascorbic Acid, Tocopherol, Retinyl Palmitate, Sodium Hyaluronate, Leuconostoc/Radish Root Ferment Filtrate, Edta, Edetate Discodium, Dihydrate, Usp, Methyl Eugenol, Carbomer, Potassium Sorbate, Sodium Benzoate, Chlorphenesin, Phenoxyethanol.",£50.00
AHAVA Single Use Hydration Cream Mask 8ml,https://www.lookfantastic.com/ahava-single-use-hydration-cream-mask-8ml/12054132.html,Mask,"Aqua (Mineral Spring Water), Glycerin, Ceteareth-20 & Cetearyl Alcohol, Caprylic/Capric Triglyceride, Glyceryl Stearate, Ethylhexyl Palmitate, Propanediol (Corn derived Glycol), Cetyl Alcohol, Alanine & Creatine & Glycerin & Glycine & Magnesium Aspartate & Saccharide Hydrolysate & Urea, Butyrospermum Parkii (Shea Butter), Caprylyl Glycol & Chlorphenesin & Phenoxyethanol, 1,2 Hexanediol & Sodium Hyaluronate & Aqua (Water), Aloe Barbadensis Leaf Juice, Aloe Barbadensis Leaf Extract & Propylene Glycol, Maris Sal (Dead Sea Water), Peg-40 Stearate, Xanthan Gum, Sorbitan Tristearate, Tocopheryl (Vitamin E) Acetate, Silt (Dead Sea Mud), Parfum (Fragrance), Lactic Acid, Saccharide Isomerate, Tocopherol (Vitamin E), Hexyl Cinnamal, Limonene, Benzyl Salicylate, Linalool, Hydroxycitronellal.",£2.36
Sanctuary Spa 5 Minute Thermal Charcoal Detox Mask 75ml,https://www.lookfantastic.com/sanctuary-spa-5-minute-thermal-charcoal-detox-mask-75ml/11794100.html,Mask,"Zeolite, Butylene Glycol, Glycerin, PEG-8, Kaolin, Dimethicone, Prunus Amygdalus Dulcis (Sweet Almond) Oil, Cetyl Alcohol, PEG-150, Cera Alba (Beeswax), Titanium Dioxide, Xanthan Gum, Carbon, Commiphora Myrrha Oil.",£10.00
Shiseido Benefiance Pure Retinol Express Smoothing Eye Mask x 12 Sachets,https://www.lookfantastic.com/shiseido-benefiance-pure-retinol-express-smoothing-eye-mask-x-12-sachets/10991445.html,Mask,"Water (Aqua), Butylene Glycol, Pentaerythrityl Tetraethylhexanoate, Diphenylsiloxy Phenyl Trimethicone, Glycerin, Dipropylene Glycol, Peg-60 Hydrogenated Castor Oil, Tocopheryl Acetate, Phenoxyethanol, Alcohol, Carbomer, Sodium Citrate, Fragrance (Parfum), Bht, Squalane, Xanthan Gum, Potassium Hydroxide, Retinol, Polysorbate 20, Citric Acid, Trisodium Edta, Magnesium Ascorbyl Phosphate, Butylphenyl Methylpropional, Sapindus Mukurossi Peel Extract (Sapindus Mukurossi), Limonene, Linalool, Uncaria Gambir Extract (Uncaria Gambir), Citronellol, Alpha-Isomethyl Ionone, Paeonia Suffruticosa Root Extract, Geraniol, Benzyl Benzoate, Sodium Acetylated Hyaluronate, Hydroxyproline, Chlorella Vulgaris Extract, Beta-Carotene (Ci 75130).",£62.00
Murad Pore Extractor Pomegranate Mask,https://www.lookfantastic.com/murad-pore-extractor-pomegranate-mask/11502948.html,Mask,"Water/Aqua/Eau, Sodium C14-16 Olefin Sulfonate, Bentonite, Butylene Glycol, Jojoba Esters, Glyceryl Stearate, PEG-100 Stearate, Cetearyl Alcohol, Titanium Dioxide (CI 77891), Polylactic Acid, Sodium Palmamphoacetate, Hydrolyzed Jojoba Esters, Kaolin, Methyl Gluceth-20, Lithium Magnesium Sodium Silicate, Polysorbate 20, Punica Granatum Extract, Schinus Molle Extract, Acacia Concinna Fruit Extract, Balanites Aegyptiaca Fruit Extract, Gypsophila Paniculata Root Extract, Urea, Yeast Amino Acids, Trehalose, Inositol, Taurine, Betaine, Xanthan Gum, Propanediol, Disodium Carboxyethyl Siliconate, Citric Acid, Cocamidopropyl Betaine, Caprylyl Glycol, Chlorphenesin, Phenoxyethanol, Fragrance (Parfum), Red 40 Lake (CI 16035).",£30.00
Holika Holika Skin Rescuer Mask Sheet - Vita C,https://www.lookfantastic.com/holika-holika-skin-rescuer-mask-sheet-vita-c/11693486.html,Mask,"Water, Glycerin, Niacinamide, Isopentyldiol, Dipropylene Glycol, Butylene Glycol, Centella Asiatica Extract, Paeonia Suffruticosa Root Extract, Sodium Hyaluronate, 1,2-Hexanediol, PEG-60 Hydrogenated Castor Oil, Chamomilla Recutita (Matricaria) Flower Extract, Carbomer, Arginine, Glyceryl Caprylate, Hydroxyethylcellulose, Ethylhexylglycerin, Magnesium Ascorbyl Phosphate, Salvia Officinalis (Sage) Leaf Extract, Malva Sylvestris (Mallow) Flower Extract, Scabiosa Arvensis Extract, Glutathione, Disodium EDTA, Fragrance.",£3.95
BARBER PRO Gentlemen's Sheet Mask Rejuvenating and Hydrating with Anti-Ageing Collagen,https://www.lookfantastic.com/barber-pro-gentlemen-s-sheet-mask-rejuvenating-and-hydrating-with-anti-ageing-collagen/11432732.html,Mask,"Aqua, Glycerin, Propylene Glycol, Glycereth-26, Hydrolyzed Collagen, Sodium PCA, Camellia Sinensis Leaf Extract, Janria Rubens Extract, Sodium Hyaluronate, Butylene Glycol, Caprylhydroxamic Acid, 1,2-Hexanediol, Boswellia Serrata Resin Extract, PEG-60 Hydrogenated Castor Oil, Natto Gum, Punica Granatum Fruit Extract, Hamamelis Virginiana (Witch Hazel) Extract, Charcoal Powder, Tocopheryl Acetate, Disodium EDTA, Triethanolamine, Hydroxyethylcellulose, Carbomer Parfum, Phenoxyethanol, Ethylhexylglycerin",£4.95
APIVITA Moisturizing Face Mask - Aloe 50ml,https://www.lookfantastic.com/apivita-moisturizing-face-mask-aloe-50ml/11902627.html,Mask,"Aqua (Water), Caprylic/Capric Triglyceride, Simmondsia Chinensis (Jojoba) Seed Oil, Glycerin, Triticum Vulgare (Wheat) Germ Oil, PEG-40 Hydrogenated Castor Oil, Butyrosper-mum Parkii (Shea) Butter, Aloe Barbadensis Leaf Juice Powder, Rosa Centifolia Flower Juice, Camellia Sinensis Leaf Extract, Sodium Hyaluronate, Mel (Honey) Extract, Citrus Aurantium Bergamia (Bergamot) Fruit Oil, Pelargonium Graveolens Flower Oil, Glyceryl Stearate, Cyclopentasiloxane, Arginine, Tocopheryl Acetate, PEG-100 Stearate, Phenoxyethanol, Panthenol, Caprylyl Glycol, Carbomer, Acrylates/C10-30 Alkyl Acrylate Crosspolymer, Ethylhexylglycerin, Xanthan Gum, Allantoin, Aqua (Water), Sodium Phytate, Sorbitan Oleate, Parfum (Fragrance), Butylphenyl Methylpropional, Linalool, Limonene, Citronellol, CI 19140 (Yellow 5), CI 61570 (Green 5).",£12.30
Project Lip Mask,https://www.lookfantastic.com/project-lip-mask/11928476.html,Mask,"Water, Glycerin, Dipropylene Glycol, Caprylic/Capric Triglyceride, Ceratonia Siliqua Gum, Butylene Glycol, Chondrus Crispus Powder, Chondrus Crispus Extract, Polysorbate 60, Mica, Cellulose Gum, Paeonia Suffruticosa Root Extract, Centella Asiatica Extract, 1,2-Hexanediol, Potassium Chloride,  Titanium Dioxide, Sodium Polyacrylate, Chamomilla Recutita (Matricaria) Flower Extract, Hydrogenated Polydecene, Glyceryl Caprylate, Glyceryl Stearate, PEG-100 Stearate, Sucrose, Ethylhexylglycerin, Trideceth-6, Citrus Aurantium Dulcis (Orange) Fruit Extract, Sodium Hyaluronate, Tin Oxide, Citrus Limon (Lemon) Fruit Extract, Theobroma Cacao (Cocoa) Extract, Sodium Oleate, Hydrogenated Lecithin, Acetyl Hexapeptide-8, Disodium EDTA, Phenoxyethanol, Fragrance.",£3.95
AHAVA Uplifting & Firming Sheet Mask,https://www.lookfantastic.com/ahava-uplifting-firming-sheet-mask/11813087.html,Mask,"Aqua (Mineral Spring Water), Galactoarabinan, Aloe Barbadensis Leaf Juice, Glycerin, Peg-40 Hydrogenated Castor Oil, Propanediol (Corn derived Glycol), Lycium Barbarum (Tibetian Goji Berry) Fruit Extract, Phenoxyethanol, Sodium Hyaluronate, Phoenix Dactylifera (Date) Fruit Extract, Caprylyl Glycol, Ethylhexylglycerin, Allantoin, Sodium Citrate, Parfum (Fragrance), Xanthan Gum, Citric Acid, Maris Aqua (Dead Sea Water), Hydroxyethylcellulose, Methylsilanol Mannuronate, 1,2-Hexanediol, Pichia/Resveratrol Ferment Extract, Sorbic Acid.",£6.30
